% Model,EM_Reluctance.mph
% Version,COMSOL 6.2.0.290
% Date,"Aug 27 2024, 15:02"
% Table,Table 1 - Global Evaluation 1
% Gap,Current1,Current2,mf.Forcez_MagnetForce1+mf.Forcez_MagnetForce2 (N)
0,-0.13,-0.13,3.830035894931069E-4
0,-0.13,0,4.973472524737013E-5
0,-0.13,0.13,1.6124031726593764E-4
0,0,-0.13,2.2238657134058696E-4
0,0,0,0
0,0,0.13,2.223865712375273E-4
0,0.13,-0.13,1.6124031715860493E-4
0,0.13,0,4.973472523542517E-5
0,0.13,0.13,3.830035897998049E-4
0.005,-0.13,-0.13,-0.0021383322319283985
0.005,-0.13,0,4.065075738739616E-5
0.005,-0.13,0.13,-0.0017607333716529465
0.005,0,-0.13,-0.0019901867555181607
0.005,0,0,0
0.005,0,0.13,-0.001990186755473131
0.005,0.13,-0.13,-0.001760733372010235
0.005,0.13,0,4.0650757314277734E-5
0.005,0.13,0.13,-0.0021383322287710786
0.01,-0.13,-0.13,-0.0018389349825964597
0.01,-0.13,0,4.331538314648134E-5
0.01,-0.13,0.13,-0.0015152394958521482
0.01,0,-0.13,-0.001720404591851624
0.01,0,0,0
0.01,0,0.13,-0.0017204045923954903
0.01,0.13,-0.13,-0.0015152394963422239
0.01,0.13,0,4.3315383164719E-5
0.01,0.13,0.13,-0.0018389349864808481
0.015,-0.13,-0.13,-0.0016413197077634163
0.015,-0.13,0,4.503536748164333E-5
0.015,-0.13,0.13,-0.0013502936207911039
0.015,0,-0.13,-0.0015408414493733155
0.015,0,0,0
0.015,0,0.13,-0.0015408414500408085
0.015,0.13,-0.13,-0.001350293621063025
0.015,0.13,0,4.503536747829106E-5
0.015,0.13,0.13,-0.0016413197071125137
0.02,-0.13,-0.13,-0.0014515558149218845
0.02,-0.13,0,4.832169309205717E-5
0.02,-0.13,0.13,-0.0011969617108347676
0.02,0,-0.13,-0.001372579234338391
0.02,0,0,0
0.02,0,0.13,-0.0013725792345229632
0.02,0.13,-0.13,-0.001196961709965995
0.02,0.13,0,4.8321693120945926E-5
0.02,0.13,0.13,-0.0014515558146266205
0.025,-0.13,-0.13,-0.001300926343846972
0.025,-0.13,0,4.914104995009334E-5
0.025,-0.13,0.13,-0.001072065863202451
0.025,0,-0.13,-0.001235637611487058
0.025,0,0,0
0.025,0,0.13,-0.001235637611870587
0.025,0.13,-0.13,-0.0010720658632770025
0.025,0.13,0,4.914104996590338E-5
0.025,0.13,0.13,-0.0013009263445072645
0.03,-0.13,-0.13,-0.0011562637784935772
0.03,-0.13,0,5.331661816671877E-5
0.03,-0.13,0.13,-9.570373230208199E-4
0.03,0,-0.13,-0.0011099628611845555
0.03,0,0,0
0.03,0,0.13,-0.0011099628620482092
0.03,0.13,-0.13,-9.570373225913273E-4
0.03,0.13,0,5.331661818114425E-5
0.03,0.13,0.13,-0.0011562637782200074
0.035,-0.13,-0.13,-0.0010560168334174688
0.035,-0.13,0,5.2279608840721334E-5
0.035,-0.13,0.13,-8.687857250306205E-4
0.035,0,-0.13,-0.0010146789320704516
0.035,0,0,0
0.035,0,0.13,-0.0010146789320307878
0.035,0.13,-0.13,-8.687857254277867E-4
0.035,0.13,0,5.2279608825375835E-5
0.035,0.13,0.13,-0.001056016833392418
0.04,-0.13,-0.13,-9.632146384643058E-4
0.04,-0.13,0,5.761066711120143E-5
0.04,-0.13,0.13,-7.973866343281941E-4
0.04,0,-0.13,-9.379096227658217E-4
0.04,0,0,0
0.04,0,0.13,-9.379096228272325E-4
0.04,0.13,-0.13,-7.9738663404003E-4
0.04,0.13,0,5.761066710816063E-5
0.04,0.13,0.13,-9.632146380958583E-4
0.045,-0.13,-0.13,-8.76340359980504E-4
0.045,-0.13,0,5.8470847154096175E-5
0.045,-0.13,0.13,-7.249626533483057E-4
0.045,0,-0.13,-8.591231616895023E-4
0.045,0,0,0
0.045,0,0.13,-8.59123161240563E-4
0.045,0.13,-0.13,-7.249626534544777E-4
0.045,0.13,0,5.847084716343649E-5
0.045,0.13,0.13,-8.763403600388103E-4
0.05,-0.13,-0.13,-8.087029358197239E-4
0.05,-0.13,0,6.0316509203456E-5
0.05,-0.13,0.13,-6.653248086741952E-4
0.05,0,-0.13,-7.973307146532283E-4
0.05,0,0,0
0.05,0,0.13,-7.973307141090764E-4
0.05,0.13,-0.13,-6.653248089642413E-4
0.05,0.13,0,6.0316509190793E-5
0.05,0.13,0.13,-8.087029359332489E-4
0.055,-0.13,-0.13,-7.447267042185776E-4
0.055,-0.13,0,6.256516523028572E-5
0.055,-0.13,0.13,-6.103644779243425E-4
0.055,0,-0.13,-7.401097235334334E-4
0.055,0,0,0
0.055,0,0.13,-7.401097239158822E-4
0.055,0.13,-0.13,-6.103644779921023E-4
0.055,0.13,0,6.256516523334245E-5
0.055,0.13,0.13,-7.447267048343044E-4
0.06,-0.13,-0.13,-6.753522776144946E-4
0.06,-0.13,0,6.897337070024243E-5
0.06,-0.13,0.13,-5.588767957670012E-4
0.06,0,-0.13,-6.860894008146315E-4
0.06,0,0,0
0.06,0,0.13,-6.860894008557207E-4
0.06,0.13,-0.13,-5.588767957461188E-4
0.06,0.13,0,6.897337072220217E-5
0.06,0.13,0.13,-6.753522777123013E-4
0.065,-0.13,-0.13,-6.2111875184657E-4
0.065,-0.13,0,7.052745748377402E-5
0.065,-0.13,0.13,-5.110172929670758E-4
0.065,0,-0.13,-6.365954316406335E-4
0.065,0,0,0
0.065,0,0.13,-6.36595431619934E-4
0.065,0.13,-0.13,-5.110172929704275E-4
0.065,0.13,0,7.052745737301129E-5
0.065,0.13,0.13,-6.211187518023911E-4
0.07,-0.13,-0.13,-5.73208600263871E-4
0.07,-0.13,0,7.435153169326835E-5
0.07,-0.13,0.13,-4.723451228126381E-4
0.07,0,-0.13,-5.971263559909265E-4
0.07,0,0,0
0.07,0,0.13,-5.971263552646145E-4
0.07,0.13,-0.13,-4.723451212940647E-4
0.07,0.13,0,7.43515313649425E-5
0.07,0.13,0.13,-5.73208600542078E-4
0.075,-0.13,-0.13,-5.228995581003023E-4
0.075,-0.13,0,7.348903418136171E-5
0.075,-0.13,0.13,-4.311221049704208E-4
0.075,0,-0.13,-5.504992381592394E-4
0.075,0,0,0
0.075,0,0.13,-5.504992387073554E-4
0.075,0.13,-0.13,-4.311221054700614E-4
0.075,0.13,0,7.348903418255753E-5
0.075,0.13,0.13,-5.228995573723067E-4
0.08,-0.13,-0.13,-4.837414004301306E-4
0.08,-0.13,0,8.108151012322284E-5
0.08,-0.13,0.13,-4.003499488708897E-4
0.08,0,-0.13,-5.231241272084952E-4
0.08,0,0,0
0.08,0,0.13,-5.231241270326973E-4
0.08,0.13,-0.13,-4.003499489547046E-4
0.08,0.13,0,8.108151002393802E-5
0.08,0.13,0.13,-4.8374140058644454E-4
0.085,-0.13,-0.13,-4.4869589710041835E-4
0.085,-0.13,0,8.244287143878979E-5
0.085,-0.13,0.13,-3.6740010813148834E-4
0.085,0,-0.13,-4.904890717887423E-4
0.085,0,0,0
0.085,0,0.13,-4.904890718358087E-4
0.085,0.13,-0.13,-3.6740010798033256E-4
0.085,0.13,0,8.244287143800998E-5
0.085,0.13,0.13,-4.4869589709530314E-4
0.09,-0.13,-0.13,-4.052708335610355E-4
0.09,-0.13,0,8.502222524356985E-5
0.09,-0.13,0.13,-3.321197743707819E-4
0.09,0,-0.13,-4.5371554374810014E-4
0.09,0,0,0
0.09,0,0.13,-4.537155436416915E-4
0.09,0.13,-0.13,-3.321197743679837E-4
0.09,0.13,0,8.502222518923622E-5
0.09,0.13,0.13,-4.0527083342423956E-4
0.095,-0.13,-0.13,-3.7857822117760647E-4
0.095,-0.13,0,8.901564170001882E-5
0.095,-0.13,0.13,-3.099748227351609E-4
0.095,0,-0.13,-4.3329031113856247E-4
0.095,0,0,0
0.095,0,0.13,-4.332903112556696E-4
0.095,0.13,-0.13,-3.0997482304066554E-4
0.095,0.13,0,8.901564173018067E-5
0.095,0.13,0.13,-3.785782212332923E-4
0.1,-0.13,-0.13,-3.3215409962251237E-4
0.1,-0.13,0,9.331294968872896E-5
0.1,-0.13,0.13,-2.7535169090588693E-4
0.1,0,-0.13,-3.970656515757161E-4
0.1,0,0,0
0.1,0,0.13,-3.970656514939119E-4
0.1,0.13,-0.13,-2.7535169072116534E-4
0.1,0.13,0,9.331294968692439E-5
0.1,0.13,0.13,-3.3215409972294543E-4
0.105,-0.13,-0.13,-3.071562561163235E-4
0.105,-0.13,0,9.411705551405656E-5
0.105,-0.13,0.13,-2.4967488828046624E-4
0.105,0,-0.13,-3.725306128430467E-4
0.105,0,0,0
0.105,0,0.13,-3.725306128050907E-4
0.105,0.13,-0.13,-2.496748884077991E-4
0.105,0.13,0,9.411705557317182E-5
0.105,0.13,0.13,-3.071562561010385E-4
0.11,-0.13,-0.13,-2.866274689645693E-4
0.11,-0.13,0,9.983503801472122E-5
0.11,-0.13,0.13,-2.3389063740511317E-4
0.11,0,-0.13,-3.600914007570875E-4
0.11,0,0,0
0.11,0,0.13,-3.6009140135284234E-4
0.11,0.13,-0.13,-2.3389063741346245E-4
0.11,0.13,0,9.983503792917771E-5
0.11,0.13,0.13,-2.866274689645673E-4
0.115,-0.13,-0.13,-2.3707745992527544E-4
0.115,-0.13,0,1.0707866002093479E-4
0.115,-0.13,0.13,-1.9781940093344238E-4
0.115,0,-0.13,-3.245255619070462E-4
0.115,0,0,0
0.115,0,0.13,-3.245255621598019E-4
0.115,0.13,-0.13,-1.9781940101905353E-4
0.115,0.13,0,1.0707865996133866E-4
0.115,0.13,0.13,-2.370774598760167E-4
0.12,-0.13,-0.13,-2.3096034291941018E-4
0.12,-0.13,0,1.1225889104133244E-4
0.12,-0.13,0.13,-1.9011504354277242E-4
0.12,0,-0.13,-3.2279594695866775E-4
0.12,0,0,0
0.12,0,0.13,-3.2279594685036153E-4
0.12,0.13,-0.13,-1.9011504357046308E-4
0.12,0.13,0,1.1225889107868826E-4
0.12,0.13,0.13,-2.3096034290522282E-4
0.125,-0.13,-0.13,-2.016896990450667E-4
0.125,-0.13,0,1.1739941051408498E-4
0.125,-0.13,0.13,-1.673984684383866E-4
0.125,0,-0.13,-3.01939857625641E-4
0.125,0,0,0
0.125,0,0.13,-3.0193985764808405E-4
0.125,0.13,-0.13,-1.6739846835396675E-4
0.125,0.13,0,1.1739941050997293E-4
0.125,0.13,0.13,-2.0168969910149866E-4
0.13,-0.13,-0.13,-1.799511494150909E-4
0.13,-0.13,0,1.2410760470879441E-4
0.13,-0.13,0.13,-1.495337285242631E-4
0.13,0,-0.13,-2.8884652750073314E-4
0.13,0,0,0
0.13,0,0.13,-2.888465276232899E-4
0.13,0.13,-0.13,-1.495337282112568E-4
0.13,0.13,0,1.241076047158882E-4
0.13,0.13,0.13,-1.7995114943969906E-4
0.135,-0.13,-0.13,-1.5109484909334956E-4
0.135,-0.13,0,1.2731432853971145E-4
0.135,-0.13,0.13,-1.2734696749268717E-4
0.135,0,-0.13,-2.6653407884489325E-4
0.135,0,0,0
0.135,0,0.13,-2.665340788128879E-4
0.135,0.13,-0.13,-1.27346967155318E-4
0.135,0.13,0,1.273143285572843E-4
0.135,0.13,0.13,-1.510948490395722E-4
0.14,-0.13,-0.13,-1.3814380342791558E-4
0.14,-0.13,0,1.3383137834560718E-4
0.14,-0.13,0.13,-1.1492195150464849E-4
0.14,0,-0.13,-2.603660849790735E-4
0.14,0,0,0
0.14,0,0.13,-2.6036608494561125E-4
0.14,0.13,-0.13,-1.149219514556986E-4
0.14,0.13,0,1.3383137843753562E-4
0.14,0.13,0.13,-1.3814380343112547E-4
0.145,-0.13,-0.13,-1.1982827063969809E-4
0.145,-0.13,0,1.404888106680741E-4
0.145,-0.13,0.13,-9.913380828362023E-5
0.145,0,-0.13,-2.4996841391291104E-4
0.145,0,0,0
0.145,0,0.13,-2.4996841375983877E-4
0.145,0.13,-0.13,-9.913380828557023E-5
0.145,0.13,0,1.404888106710946E-4
0.145,0.13,0.13,-1.1982827065122655E-4
0.15,-0.13,-0.13,-9.866367840920235E-5
0.15,-0.13,0,1.4806020739059785E-4
0.15,-0.13,0.13,-8.00879338058864E-5
0.15,0,-0.13,-2.374381842714966E-4
0.15,0,0,0
0.15,0,0.13,-2.3743818420247893E-4
0.15,0.13,-0.13,-8.008793382651826E-5
0.15,0.13,0,1.4806020741151617E-4
0.15,0.13,0.13,-9.866367822551869E-5
0.155,-0.13,-0.13,-7.517801029436263E-5
0.155,-0.13,0,1.5177654102299E-4
0.155,-0.13,0.13,-6.291180948005689E-5
0.155,0,-0.13,-2.2082015304276405E-4
0.155,0,0,0
0.155,0,0.13,-2.208201529575277E-4
0.155,0.13,-0.13,-6.291180936703247E-5
0.155,0.13,0,1.517765412698034E-4
0.155,0.13,0.13,-7.51780103251943E-5
0.16,-0.13,-0.13,-4.831268408552088E-5
0.16,-0.13,0,1.6364163801513236E-4
0.16,-0.13,0.13,-4.124079109748085E-5
0.16,0,-0.13,-2.0841687806975016E-4
0.16,0,0,0
0.16,0,0.13,-2.0841687706662915E-4
0.16,0.13,-0.13,-4.124079078981875E-5
0.16,0.13,0,1.6364163801406084E-4
0.16,0.13,0.13,-4.831268396774513E-5
0.165,-0.13,-0.13,-2.8055989978837515E-5
0.165,-0.13,0,1.6966921166401577E-4
0.165,-0.13,0.13,-2.637026454361258E-5
0.165,0,-0.13,-1.968779582421002E-4
0.165,0,0,0
0.165,0,0.13,-1.968779582463297E-4
0.165,0.13,-0.13,-2.6370264533942257E-5
0.165,0.13,0,1.6966921156450613E-4
0.165,0.13,0.13,-2.8055990008638845E-5
0.17,-0.13,-0.13,-1.2072838702518475E-5
0.17,-0.13,0,1.7994933313771283E-4
0.17,-0.13,0.13,-1.1437568254598344E-5
0.17,0,-0.13,-1.9170634822965937E-4
0.17,0,0,0
0.17,0,0.13,-1.9170634802857998E-4
0.17,0.13,-0.13,-1.1437567673876675E-5
0.17,0.13,0,1.7994933315331995E-4
0.17,0.13,0.13,-1.2072838793884897E-5
0.17500000000000002,-0.13,-0.13,-1.3874591854460606E-6
0.17500000000000002,-0.13,0,1.84297069976922E-4
0.17500000000000002,-0.13,0.13,-1.0833994966775225E-6
0.17500000000000002,0,-0.13,-1.8553340593015178E-4
0.17500000000000002,0,0,0
0.17500000000000002,0,0.13,-1.8553340592698448E-4
0.17500000000000002,0.13,-0.13,-1.0833997349302723E-6
0.17500000000000002,0.13,0,1.8429706987418867E-4
0.17500000000000002,0.13,0.13,-1.3874591335094697E-6
0.18,-0.13,-0.13,3.281782600035146E-5
0.18,-0.13,0,2.006259188452738E-4
0.18,-0.13,0.13,2.3248558691765016E-5
0.18,0,-0.13,-1.7259452044134316E-4
0.18,0,0,0
0.18,0,0.13,-1.7259452049422905E-4
0.18,0.13,-0.13,2.3248558956289855E-5
0.18,0.13,0,2.006259188952704E-4
0.18,0.13,0.13,3.281782600326056E-5
0.185,-0.13,-0.13,3.3229725148643216E-5
0.185,-0.13,0,2.026170605204082E-4
0.185,-0.13,0.13,2.8165978987507406E-5
0.185,0,-0.13,-1.7192083108872352E-4
0.185,0,0,0
0.185,0,0.13,-1.719208311550499E-4
0.185,0.13,-0.13,2.8165979043690302E-5
0.185,0.13,0,2.026170606903162E-4
0.185,0.13,0.13,3.3229725191011506E-5
0.19,-0.13,-0.13,5.993093286918441E-5
0.19,-0.13,0,2.1535543421231855E-4
0.19,-0.13,0.13,4.903924020729019E-5
0.19,0,-0.13,-1.6086820343660498E-4
0.19,0,0,0
0.19,0,0.13,-1.6086820342155469E-4
0.19,0.13,-0.13,4.9039240258849995E-5
0.19,0.13,0,2.1535543421984134E-4
0.19,0.13,0.13,5.9930932766130316E-5
0.195,-0.13,-0.13,7.660055403973688E-5
0.195,-0.13,0,2.2610828192172233E-4
0.195,-0.13,0.13,6.393788846702114E-5
0.195,0,-0.13,-1.5584070186168905E-4
0.195,0,0,0
0.195,0,0.13,-1.5584070191928992E-4
0.195,0.13,-0.13,6.393788850607117E-5
0.195,0.13,0,2.2610828191828362E-4
0.195,0.13,0.13,7.66005539884088E-5
0.2,-0.13,-0.13,9.458349933066441E-5
0.2,-0.13,0,2.4174463920895054E-4
0.2,-0.13,0.13,7.993462499531417E-5
0.2,0,-0.13,-1.5448762149853542E-4
0.2,0,0,0
0.2,0,0.13,-1.5448762151716155E-4
0.2,0.13,-0.13,7.993462561826436E-5
0.2,0.13,0,2.4174463950889957E-4
0.2,0.13,0.13,9.458349934867496E-5
0.20500000000000002,-0.13,-0.13,1.21231682496038E-4
0.20500000000000002,-0.13,0,2.4953830848982694E-4
0.20500000000000002,-0.13,0.13,1.0059657420453221E-4
0.20500000000000002,0,-0.13,-1.3862624015663233E-4
0.20500000000000002,0,0,0
0.20500000000000002,0,0.13,-1.3862624033946313E-4
0.20500000000000002,0.13,-0.13,1.0059657427628714E-4
0.20500000000000002,0.13,0,2.4953830856407327E-4
0.20500000000000002,0.13,0.13,1.2123168249276851E-4
0.21,-0.13,-0.13,1.3586605908644895E-4
0.21,-0.13,0,2.5822894360994376E-4
0.21,-0.13,0.13,1.1325134561613591E-4
0.21,0,-0.13,-1.3367172202664355E-4
0.21,0,0,0
0.21,0,0.13,-1.336717220251089E-4
0.21,0.13,-0.13,1.1325134584945195E-4
0.21,0.13,0,2.5822894368995484E-4
0.21,0.13,0.13,1.3586605903008041E-4
0.215,-0.13,-0.13,1.4649066507403034E-4
0.215,-0.13,0,2.646383900644543E-4
0.215,-0.13,0.13,1.2430645094763744E-4
0.215,0,-0.13,-1.2923773588265994E-4
0.215,0,0,0
0.215,0,0.13,-1.2923773587851422E-4
0.215,0.13,-0.13,1.2430645091071846E-4
0.215,0.13,0,2.646383900017759E-4
0.215,0.13,0.13,1.46490665101705E-4
0.22,-0.13,-0.13,1.9007983966995665E-4
0.22,-0.13,0,2.971953264177879E-4
0.22,-0.13,0.13,1.553934915612113E-4
0.22,0,-0.13,-1.244618396836662E-4
0.22,0,0,0
0.22,0,0.13,-1.2446183967196642E-4
0.22,0.13,-0.13,1.5539349155782183E-4
0.22,0.13,0,2.971953262048697E-4
0.22,0.13,0.13,1.9007983966703648E-4
0.225,-0.13,-0.13,2.0683789221524054E-4
0.225,-0.13,0,3.071506730089995E-4
0.225,-0.13,0.13,1.7193614722711746E-4
0.225,0,-0.13,-1.1776122594378259E-4
0.225,0,0,0
0.225,0,0.13,-1.1776122592235262E-4
0.225,0.13,-0.13,1.719361470118708E-4
0.225,0.13,0,3.071506730006513E-4
0.225,0.13,0.13,2.068378922137995E-4
0.23,-0.13,-0.13,2.28325771344051E-4
0.23,-0.13,0,3.246238160253466E-4
0.23,-0.13,0.13,1.8952887653601077E-4
0.23,0,-0.13,-1.1570036748429527E-4
0.23,0,0,0
0.23,0,0.13,-1.1570036750095356E-4
0.23,0.13,-0.13,1.8952887598592356E-4
0.23,0.13,0,3.246238160631424E-4
0.23,0.13,0.13,2.2832577162373854E-4
0.23500000000000001,-0.13,-0.13,2.3497871699399808E-4
0.23500000000000001,-0.13,0,3.237672300671465E-4
0.23500000000000001,-0.13,0.13,1.976657653635074E-4
0.23500000000000001,0,-0.13,-1.0744719929817408E-4
0.23500000000000001,0,0,0
0.23500000000000001,0,0.13,-1.0744719924998251E-4
0.23500000000000001,0.13,-0.13,1.9766576535236062E-4
0.23500000000000001,0.13,0,3.2376723013581826E-4
0.23500000000000001,0.13,0.13,2.349787171061964E-4
0.24,-0.13,-0.13,2.7571003143950055E-4
0.24,-0.13,0,3.5336979711529285E-4
0.24,-0.13,0.13,2.28947970535866E-4
0.24,0,-0.13,-1.010414618877036E-4
0.24,0,0,0
0.24,0,0.13,-1.0104146187725523E-4
0.24,0.13,-0.13,2.2894797050917068E-4
0.24,0.13,0,3.5336979711147884E-4
0.24,0.13,0.13,2.7571003141637956E-4
0.245,-0.13,-0.13,2.99914378343388E-4
0.245,-0.13,0,3.760527003700114E-4
0.245,-0.13,0.13,2.5169790408637353E-4
0.245,0,-0.13,-1.0024857973536592E-4
0.245,0,0,0
0.245,0,0.13,-1.002485797433159E-4
0.245,0.13,-0.13,2.5169790428110513E-4
0.245,0.13,0,3.7605270025086325E-4
0.245,0.13,0.13,2.999143784116387E-4
0.25,-0.13,-0.13,3.256560013593929E-4
0.25,-0.13,0,3.9256129751480775E-4
0.25,-0.13,0.13,2.714320435919199E-4
0.25,0,-0.13,-9.401940906202569E-5
0.25,0,0,0
0.25,0,0.13,-9.401940907126433E-5
0.25,0.13,-0.13,2.7143204332125435E-4
0.25,0.13,0,3.925612973838413E-4
0.25,0.13,0.13,3.2565600131801396E-4
0.255,-0.13,-0.13,3.6688539153294773E-4
0.255,-0.13,0,4.2120320699593427E-4
0.255,-0.13,0.13,3.0103796426800576E-4
0.255,0,-0.13,-8.724294503961174E-5
0.255,0,0,0
0.255,0,0.13,-8.724294505251772E-5
0.255,0.13,-0.13,3.010379641079507E-4
0.255,0.13,0,4.212032069843209E-4
0.255,0.13,0.13,3.6688539158304486E-4
0.26,-0.13,-0.13,4.160888543292011E-4
0.26,-0.13,0,4.637108446245492E-4
0.26,-0.13,0.13,3.379267161171202E-4
0.26,0,-0.13,-8.670467023948575E-5
0.26,0,0,0
0.26,0,0.13,-8.670467024422927E-5
0.26,0.13,-0.13,3.379267160843989E-4
0.26,0.13,0,4.6371084462665984E-4
0.26,0.13,0.13,4.1608885432290637E-4
0.265,-0.13,-0.13,4.339731437990259E-4
0.265,-0.13,0,4.7560932302418807E-4
0.265,-0.13,0.13,3.576302451972004E-4
0.265,0,-0.13,-7.981097026131484E-5
0.265,0,0,0
0.265,0,0.13,-7.981097026894444E-5
0.265,0.13,-0.13,3.576302451463848E-4
0.265,0.13,0,4.7560932302246234E-4
0.265,0.13,0.13,4.339731437667138E-4
0.27,-0.13,-0.13,4.835644587406813E-4
0.27,-0.13,0,5.189758026549579E-4
0.27,-0.13,0.13,3.969655100476838E-4
0.27,0,-0.13,-7.871600346849688E-5
0.27,0,0,0
0.27,0,0.13,-7.871600346720215E-5
0.27,0.13,-0.13,3.9696550995398734E-4
0.27,0.13,0,5.189758026878279E-4
0.27,0.13,0.13,4.8356445915021445E-4
0.275,-0.13,-0.13,5.321194349562395E-4
0.275,-0.13,0,5.597188219172442E-4
0.275,-0.13,0.13,4.374956457843044E-4
0.275,0,-0.13,-7.490939037240062E-5
0.275,0,0,0
0.275,0,0.13,-7.490939040957924E-5
0.275,0.13,-0.13,4.374956455106185E-4
0.275,0.13,0,5.597188217740965E-4
0.275,0.13,0.13,5.321194348877515E-4
0.28,-0.13,-0.13,5.674496244375135E-4
0.28,-0.13,0,5.87736487718757E-4
0.28,-0.13,0.13,4.6646212298386567E-4
0.28,0,-0.13,-7.078334897003913E-5
0.28,0,0,0
0.28,0,0.13,-7.07833489525152E-5
0.28,0.13,-0.13,4.6646212362300984E-4
0.28,0.13,0,5.877364877504057E-4
0.28,0.13,0.13,5.674496242629778E-4
0.28500000000000003,-0.13,-0.13,6.258261650924541E-4
0.28500000000000003,-0.13,0,6.405418134652789E-4
0.28500000000000003,-0.13,0.13,5.17210037042506E-4
0.28500000000000003,0,-0.13,-6.90269522065923E-5
0.28500000000000003,0,0,0
0.28500000000000003,0,0.13,-6.902695222602595E-5
0.28500000000000003,0.13,-0.13,5.172100370519446E-4
0.28500000000000003,0.13,0,6.405418133635795E-4
0.28500000000000003,0.13,0.13,6.258261645891228E-4
0.29,-0.13,-0.13,6.748138567224972E-4
0.29,-0.13,0,6.790323064107814E-4
0.29,-0.13,0.13,5.544905404728387E-4
0.29,0,-0.13,-6.438431427826293E-5
0.29,0,0,0
0.29,0,0.13,-6.438431425856935E-5
0.29,0.13,-0.13,5.544905404855886E-4
0.29,0.13,0,6.79032306425317E-4
0.29,0.13,0.13,6.748138564667421E-4
0.295,-0.13,-0.13,7.404536233568168E-4
0.295,-0.13,0,7.402880319783298E-4
0.295,-0.13,0.13,6.09613659944763E-4
0.295,0,-0.13,-6.525439012952222E-5
0.295,0,0,0
0.295,0,0.13,-6.525439012300002E-5
0.295,0.13,-0.13,6.096136599439795E-4
0.295,0.13,0,7.402880319401468E-4
0.295,0.13,0.13,7.404536233160355E-4
0.3,-0.13,-0.13,8.050717374644568E-4
0.3,-0.13,0,7.988437433962584E-4
0.3,-0.13,0.13,6.660226076220204E-4
0.3,0,-0.13,-6.329724991684938E-5
0.3,0,0,0
0.3,0,0.13,-6.329724991012917E-5
0.3,0.13,-0.13,6.660226074764566E-4
0.3,0.13,0,7.988437432246095E-4
0.3,0.13,0.13,8.050717374642932E-4
0.305,-0.13,-0.13,8.805308684123306E-4
0.305,-0.13,0,8.640973345414586E-4
0.305,-0.13,0.13,7.274662450044554E-4
0.305,0,-0.13,-6.009937371751919E-5
0.305,0,0,0
0.305,0,0.13,-6.0099373719801045E-5
0.305,0.13,-0.13,7.27466245251438E-4
0.305,0.13,0,8.640973345326932E-4
0.305,0.13,0.13,8.805308685178128E-4
0.31,-0.13,-0.13,9.681693896161055E-4
0.31,-0.13,0,9.376556234599227E-4
0.31,-0.13,0.13,7.968618518351927E-4
0.31,0,-0.13,-5.5138965265148525E-5
0.31,0,0,0
0.31,0,0.13,-5.513896526070995E-5
0.31,0.13,-0.13,7.968618516300183E-4
0.31,0.13,0,9.376556233207873E-4
0.31,0.13,0.13,9.681693896596836E-4
0.315,-0.13,-0.13,0.0010829141682956876
0.315,-0.13,0,0.0010387887397764143
0.315,-0.13,0.13,8.883894097894395E-4
0.315,0,-0.13,-5.3137932499924306E-5
0.315,0,0,0
0.315,0,0.13,-5.3137932512404374E-5
0.315,0.13,-0.13,8.88389409286863E-4
0.315,0.13,0,0.0010387887394911074
0.315,0.13,0.13,0.0010829141684362696
0.32,-0.13,-0.13,0.0011748868798590383
0.32,-0.13,0,0.0011232869772056057
0.32,-0.13,0.13,9.700064661750752E-4
0.32,0,-0.13,-5.0842058837117394E-5
0.32,0,0,0
0.32,0,0.13,-5.0842058853952235E-5
0.32,0.13,-0.13,9.70006465908321E-4
0.32,0.13,0,0.001123286977205603
0.32,0.13,0.13,0.0011748868788365966
0.325,-0.13,-0.13,0.0012996346676405989
0.325,-0.13,0,0.0012355273735233823
0.325,-0.13,0.13,0.0010710045294290516
0.325,0,-0.13,-5.020747067439862E-5
0.325,0,0,0
0.325,0,0.13,-5.0207470747902216E-5
0.325,0.13,-0.13,0.001071004528297052
0.325,0.13,0,0.0012355273729326537
0.325,0.13,0.13,0.0012996346675741653
0.33,-0.13,-0.13,0.0014405454698104168
0.33,-0.13,0,0.001359799552292726
0.33,-0.13,0.13,0.0011847467691210665
0.33,0,-0.13,-4.715494227479527E-5
0.33,0,0,0
0.33,0,0.13,-4.715494227353817E-5
0.33,0.13,-0.13,0.001184746765946372
0.33,0.13,0,0.0013597995528046747
0.33,0.13,0.13,0.0014405454694753055
0.335,-0.13,-0.13,0.0016237281684328957
0.335,-0.13,0,0.0015272414905873714
0.335,-0.13,0.13,0.0013397835345224504
0.335,0,-0.13,-4.548598272273285E-5
0.335,0,0,0
0.335,0,0.13,-4.548598274654608E-5
0.335,0.13,-0.13,0.001339783534298058
0.335,0.13,0,0.001527241490945452
0.335,0.13,0.13,0.001623728168848092
0.34,-0.13,-0.13,0.0018483115957001086
0.34,-0.13,0,0.0017331338794921713
0.34,-0.13,0.13,0.0015266248679735336
0.34,0,-0.13,-4.5664670205600295E-5
0.34,0,0,0
0.34,0,0.13,-4.566467022946062E-5
0.34,0.13,-0.13,0.0015266248679464789
0.34,0.13,0,0.0017331338793352112
0.34,0.13,0.13,0.0018483115968623781
0.34500000000000003,-0.13,-0.13,0.002143067342898603
0.34500000000000003,-0.13,0,0.001993440317672327
0.34500000000000003,-0.13,0.13,0.0017626069665709551
0.34500000000000003,0,-0.13,-4.060159203365637E-5
0.34500000000000003,0,0,0
0.34500000000000003,0,0.13,-4.0601592989114436E-5
0.34500000000000003,0.13,-0.13,0.001762606965962533
0.34500000000000003,0.13,0,0.001993440315404424
0.34500000000000003,0.13,0.13,0.002143067343022873
0.35000000000000003,-0.13,-0.13,-3.723659760357918E-4
0.35000000000000003,-0.13,0,-2.1422301205536963E-4
0.35000000000000003,-0.13,0.13,-1.5451698933298272E-4
0.35000000000000003,0,-0.13,-4.921844832848581E-5
0.35000000000000003,0,0,0
0.35000000000000003,0,0.13,-4.921844833179326E-5
0.35000000000000003,0.13,-0.13,-1.5451698929937516E-4
0.35000000000000003,0.13,0,-2.1422301200779443E-4
0.35000000000000003,0.13,0.13,-3.7236597588933857E-4
